NÂº,League,Date,Time,Home,Away,FT_Odd_H,FT_Odd_D,FT_Odd_A,HT_Odd_Ov05,HT_Odd_Un05,FT_Odd_Ov15,FT_Odd_Un15,FT_Odd_Ov25,FT_Odd_Un25,FT_Odd_BTTS_Y,FT_Odd_BTTS_N,Prob_H,Prob_D,Prob_A,Prob_Ov05_HT,Prob_Un05_HT,Prob_Ov15_FT,Prob_Un15_FT,Prob_Ov25_FT,Prob_Un25_FT,Prob_BTTS_Y_FT,Prob_BTTS_N_FT,H_D,H_A,D_H,D_A,A_H,A_D,Dif_Abs_HomeAway,Dif_Abs_HomeDraw,Dif_Abs_DrawAway,Angle_HomeAway,Angle_HomeDraw,Angle_DrawAway,Dif_Perc_HomeAway,Dif_Perc_HomeDraw,Dif_Perc_DrawAway,Media_Ptos_Home,CV_Ptos_Home,Media_Ptos_Away,CV_Ptos_Away,Media_SG_Home,CV_SG_Home,Media_SG_Away,CV_SG_Away,Media_GM_Home_1P,CV_GM_Home_1P,Media_GM_Away_1P,CV_GM_Away_1P,Media_GS_Home_1P,CV_GS_Home_1P,Media_GS_Away_1P,CV_GS_Away_1P,Media_GM_Home,CV_GM_Home,Media_GM_Away,CV_GM_Away,Media_GS_Home,CV_GS_Home,Media_GS_Away,CV_GS_Away,Media_CGM_Home_01,CV_CGM_Home_01,Media_CGM_Away_01,CV_CGM_Away_01,Media_CGS_Home_01,CV_CGS_Home_01,Media_CGS_Away_01,CV_CGS_Away_01,Media_CGM_Home_02,CV_CGM_Home_02,Media_CGM_Away_02,CV_CGM_Away_02,Media_CGS_Home_02,CV_CGS_Home_02,Media_CGS_Away_02,CV_CGS_Away_02,Media_RPS_MO_Home,CV_RPS_MO_Home,Media_RPS_MO_Away,CV_RPS_MO_Away,Media_RPS_OvUn_Home,CV_RPS_OvUn_Home,Media_RPS_OvUn_Away,CV_RPS_OvUn_Away,Media_RPS_BTTS_Home,CV_RPS_BTTS_Home,Media_RPS_BTTS_Away,CV_RPS_BTTS_Away,Media_Prob_Home,CV_Med_Prob_Home,Media_Prob_Away,CV_Med_Prob_Away,Med_Prim_Golo_Marcado_Home,Med_Prim_Golo_Sofrido_Home,Med_Prim_Golo_Marcado_Away,Med_Prim_Golo_Sofrido_Away,Porc_Marcou_Primeiro_Golo_Home,Porc_Marcou_Primeiro_Golo_Away,Porc_Sofreu_Primeiro_Golo_Home,Porc_Sofreu_Primeiro_Golo_Away,Porc_Marcou_Primeiro_Golo_Home_1P,Porc_Marcou_Primeiro_Golo_Away_1P,Porc_Sofreu_Primeiro_Golo_Home_1P,Porc_Sofreu_Primeiro_Golo_Away_1P,Porc_BTTS_Y_Home,Porc_BTTS_Y_Away,Porc_Over05HT_Home,Porc_Over05HT_Away,Porc_Under05HT_Home,Porc_Under05HT_Away,Porc_Over15HT_Home,Porc_Over15HT_Away,Porc_Under15HT_Home,Porc_Under15HT_Away,Porc_Over05FT_Home,Porc_Over05FT_Away,Porc_Under05FT_Home,Porc_Under05FT_Away,Porc_Over15FT_Home,Porc_Over15FT_Away,Porc_Under15FT_Home,Porc_Under15FT_Away,Porc_Over25FT_Home,Porc_Over25FT_Away,Porc_Under25FT_Home,Porc_Under25FT_Away,Porc_Home_Win_HT,Porc_Away_Win_HT,Porc_Home_Win_FT,Porc_Away_Win_FT,Porc_Score_Min_1G_Home,Porc_Score_Min_1G_Away,Porc_Took_Min_1G_Home,Porc_Took_Min_1G_Away,Med_Power_Ranking_Home,CV_pwr_Home,Med_Power_Ranking_Away,CV_pwr_Away
1,ARGENTINA - TORNEO BETANO,2024-11-08,01:00,Platense,Dep. Riestra,1.85,3.2,4.6,1.67,2.1,1.62,2.2,3.1,1.36,2.63,1.44,0.5405,0.3125,0.2174,0.5988,0.4762,0.6173,0.4545,0.3226,0.7353,0.3802,0.6944,0.5781,0.4022,1.7297,0.6957,2.4865,1.4375,2.75,1.35,1.4,53.9726,34.0193,34.992,0.5978,0.4219,0.3043,1.246,1.0796,0.2767,1.7636,-0.249,-1.6373,-1.1963,-0.5874,0.2538,1.9228,0.11,3.4364,0.416,1.2849,0.7344,1.5151,0.4588,1.165,0.3824,1.3978,0.7079,1.3437,1.5787,0.8851,1.3,0.2268,2.993,0.1627,2.0071,0.1961,9.8434,0.047,0.3975,0.1733,0.3801,0.19,0.5404,0.1269,0.9515,0.1052,0.7608,0.0706,0.4678,0.1182,0.1536,0.1126,0.2677,0.053,0.3442,0.149,0.6165,0.0759,0.3665,0.0685,0.1887,0.0625,16.29,10.29,22.14,33.29,0.0,14.29,42.86,28.57,28.57,42.86,28.57,0.0,14.29,42.86,57.14,42.86,42.86,57.14,14.29,28.57,85.71,71.43,28.57,57.14,28.57,28.57,71.43,71.43,71.43,42.86,14.29,42.86,85.71,57.14,14.29,0.0,28.57,0.0,42.86,42.86,42.86,71.43,250.5755,0.6805,251.2472,0.6683
2,ARGENTINA - TORNEO BETANO,2024-11-08,01:15,Velez Sarsfield,Tigre,1.44,4.2,7.5,1.36,3.0,1.29,3.5,1.98,1.88,2.05,1.7,0.6944,0.2381,0.1333,0.7353,0.3333,0.7752,0.2857,0.5051,0.5319,0.4878,0.5882,0.3429,0.192,2.9167,0.56,5.2083,1.7857,6.06,2.76,3.3,71.7354,54.0715,58.7816,0.808,0.6571,0.44,2.7058,0.2794,1.345,1.1241,1.9177,0.1951,0.0009,1133.0,0.7716,0.8944,0.7792,0.6263,0.1471,2.5697,0.344,1.4186,2.0648,0.5884,1.34,0.7099,0.1471,2.5697,1.339,1.0046,4.1587,0.1979,6.128,0.1313,0.2357,0.899,3.9142,0.1601,1.3397,0.1695,0.7601,0.1427,0.3397,0.2099,0.5458,0.297,0.4704,0.158,0.7602,0.1056,0.3259,0.0221,0.2794,0.0787,0.4254,0.0552,0.4626,0.0607,0.5365,0.0421,0.2345,0.0891,36.0,4.43,23.43,24.57,0.0,14.29,100.0,57.14,0.0,28.57,71.43,57.14,14.29,42.86,85.71,71.43,14.29,28.57,14.29,28.57,85.71,71.43,71.43,71.43,0.0,14.29,100.0,85.71,28.57,28.57,42.86,42.86,57.14,57.14,71.43,42.86,85.71,42.86,100.0,71.43,14.29,57.14,320.0262,0.3185,270.9606,0.4958
33,MEXICO - LIGA DE EXPANSION MX,2024-11-08,02:00,Tepatitlan de Morelos,Tapatio,2.6,3.2,2.45,1.45,2.55,1.32,3.0,2.02,1.65,1.86,1.86,0.3846,0.3125,0.4082,0.6897,0.3922,0.7576,0.3333,0.495,0.6061,0.5376,0.5376,0.8125,1.0612,1.2308,1.3061,0.9423,0.7656,0.15,0.6,0.75,-4.2892,16.6992,-20.556,0.0612,0.1875,0.3061,1.3934,0.8138,1.1485,1.0915,0.0301,31.5415,-0.5233,-2.292,0.8124,1.3159,0.759,0.9092,0.9738,0.7087,1.0188,0.5667,1.3196,1.5688,1.7401,0.7419,1.2895,1.0432,2.2634,0.661,4.2569,0.1917,6.0215,0.0575,2.357,0.5942,4.5786,0.0295,1.0717,0.2169,1.3325,0.0652,0.5717,0.3509,0.9754,0.0331,0.7899,0.1038,0.7171,0.0544,0.4395,0.0724,0.5229,0.0302,0.5363,0.0408,0.4728,0.0288,0.4291,0.1042,0.3794,0.0456,17.29,13.57,49.86,34.86,14.29,28.57,57.14,71.43,28.57,28.57,42.86,42.86,57.14,100.0,85.71,100.0,14.29,0.0,71.43,71.43,28.57,28.57,85.71,100.0,14.29,0.0,85.71,100.0,14.29,0.0,42.86,71.43,57.14,28.57,14.29,28.57,28.57,28.57,71.43,100.0,71.43,100.0,156.2061,1.0142,248.0144,0.5725
10,COSTA RICA - PRIMERA DIVISION,2024-11-08,03:00,Zeledon,Saprissa,3.5,3.3,1.95,1.44,2.63,1.36,3.0,2.1,1.7,1.83,1.83,0.2857,0.303,0.5128,0.6944,0.3802,0.7353,0.3333,0.4762,0.5882,0.5464,0.5464,1.0606,1.7949,0.9429,1.6923,0.5571,0.5909,1.55,0.2,1.35,-37.7757,-5.7106,-34.0193,0.7949,0.0606,0.6923,1.0573,0.8509,1.124,1.3451,-0.1828,-2.047,-0.4372,-1.0249,0.4516,1.7422,0.585,0.9137,0.4934,1.5946,0.301,2.614,0.5507,1.4287,1.1197,1.1364,0.7335,1.2968,1.5569,0.6268,2.48,0.1888,2.5413,0.153,2.3086,0.2511,2.997,0.2278,0.7054,0.112,0.9794,0.0701,0.5625,0.1328,0.9794,0.1171,0.6456,0.0654,0.5517,0.0392,0.4072,0.0837,0.5072,0.0402,0.4614,0.0436,0.5166,0.06,0.4108,0.0489,0.5302,0.0266,18.43,18.43,19.71,39.14,28.57,57.14,14.29,14.29,28.57,85.71,14.29,0.0,28.57,57.14,42.86,57.14,57.14,42.86,14.29,28.57,85.71,71.43,42.86,100.0,42.86,0.0,57.14,100.0,57.14,0.0,14.29,57.14,85.71,42.86,14.29,28.57,14.29,42.86,42.86,71.43,42.86,85.71,176.6501,0.8913,317.5576,0.3141
34,MEXICO - LIGA DE EXPANSION MX,2024-11-08,04:05,Dorados de Sinaloa,Atlante,4.75,3.5,1.65,1.42,2.65,1.3,3.05,1.98,1.68,2.0,1.73,0.2105,0.2857,0.6061,0.7042,0.3774,0.7692,0.3279,0.5051,0.5952,0.5,0.578,1.3571,2.8788,0.7368,2.1212,0.3474,0.4714,3.1,1.25,1.85,-57.1715,-32.0054,-42.7688,1.8788,0.3571,1.1212,1.517,0.965,1.6172,0.7012,0.5765,1.4519,0.5675,0.6338,1.2876,1.1742,0.7955,0.6135,0.8438,1.1273,0.6427,1.2242,2.0792,0.7713,1.7361,0.6531,1.5026,0.8343,1.1686,0.9148,5.6485,0.0968,2.8027,0.171,3.0001,0.4523,2.6285,0.1601,1.4426,0.1375,0.9079,0.109,0.6569,0.153,0.9079,0.1188,0.452,0.0819,0.8749,0.1556,0.6008,0.0438,0.3295,0.031,0.5106,0.0333,0.5882,0.0513,0.4566,0.1034,0.5302,0.0264,24.86,36.14,35.86,19.14,57.14,0.0,28.57,85.71,57.14,14.29,28.57,71.43,57.14,57.14,71.43,71.43,28.57,28.57,57.14,42.86,42.86,57.14,71.43,71.43,0.0,0.0,100.0,100.0,28.57,28.57,71.43,42.86,28.57,57.14,42.86,28.57,57.14,28.57,85.71,85.71,71.43,71.43,320.0583,0.3084,167.2078,0.8582
3,AUSTRALIA - A-LEAGUE,2024-11-08,09:35,WS Wanderers,Newcastle Jets,1.75,4.0,3.75,1.25,3.75,1.14,5.5,1.5,2.63,1.5,2.5,0.5714,0.25,0.2667,0.8,0.2667,0.8772,0.1818,0.6667,0.3802,0.6667,0.4,0.4375,0.4667,2.2857,1.0667,2.1429,0.9375,2.0,2.25,0.25,45.0,48.3665,-7.125,0.5333,0.5625,0.0667,0.0979,3.8611,0.8993,1.1887,-1.3479,-0.3129,-0.7336,-1.6032,0.1957,3.8625,0.3777,1.4151,1.2768,0.5405,0.5907,1.332,1.1957,0.6322,1.2042,1.041,2.5436,0.3093,1.9379,0.7882,3.69,0.169,4.8998,0.203,7.0402,0.1797,6.8143,0.0414,0.9968,0.1881,0.7711,0.1272,1.6396,0.1456,0.9854,0.0369,0.6389,0.1291,0.8148,0.0805,0.8469,0.0362,0.9338,0.0361,0.2494,0.4162,0.5927,0.1178,0.4221,0.0746,0.2565,0.0433,61.57,26.86,16.57,31.0,14.29,42.86,85.71,14.29,0.0,71.43,14.29,0.0,100.0,42.86,85.71,71.43,14.29,28.57,42.86,14.29,57.14,85.71,100.0,85.71,0.0,14.29,100.0,85.71,0.0,14.29,100.0,57.14,0.0,42.86,14.29,28.57,0.0,14.29,100.0,57.14,100.0,71.43,307.4078,0.3194,232.4935,0.6695
8,BULGARIA - PARVA LIGA,2024-11-08,14:00,Arda,Botev Vratsa,1.55,3.5,5.5,1.5,2.5,1.4,2.75,2.2,1.65,2.2,1.62,0.6452,0.2857,0.1818,0.6667,0.4,0.7143,0.3636,0.4545,0.6061,0.4545,0.6173,0.4429,0.2818,2.2581,0.6364,3.5484,1.5714,3.95,1.95,2.0,63.1456,44.2748,45.0,0.7182,0.5571,0.3636,2.5179,0.3876,0.6695,1.5967,0.9189,0.2997,-1.466,-0.9664,0.5797,0.922,0.6166,0.7914,0.16,2.3625,0.8677,0.4356,1.5012,0.6501,0.6166,0.7914,0.5823,0.9179,2.0826,0.6627,3.8098,0.1389,2.5114,0.2877,1.5599,0.6088,19.7458,0.0903,1.1149,0.0886,0.4106,0.1225,0.6149,0.1774,1.0534,0.0606,0.5199,0.1514,0.4197,0.152,0.3378,0.0779,0.4465,0.0806,0.6256,0.0507,0.4473,0.0789,0.5156,0.0334,0.2497,0.1254,38.86,36.86,16.43,28.57,42.86,28.57,42.86,42.86,42.86,57.14,14.29,42.86,57.14,57.14,57.14,100.0,42.86,0.0,14.29,57.14,85.71,42.86,57.14,85.71,14.29,0.0,85.71,100.0,42.86,14.29,42.86,42.86,57.14,57.14,42.86,14.29,71.43,14.29,85.71,71.43,57.14,85.71,318.4432,0.4866,274.6885,0.5019
30,ISRAEL - LIGAT HA'AL,2024-11-08,14:00,Hapoel Jerusalem,Maccabi Haifa,6.5,4.6,1.33,1.29,3.5,1.18,4.5,1.6,2.3,1.8,1.91,0.1538,0.2174,0.7519,0.7752,0.2857,0.8475,0.2222,0.625,0.4348,0.5556,0.5236,1.413,4.8872,0.7077,3.4586,0.2046,0.2891,5.17,1.9,3.27,-68.8512,-43.5312,-58.5492,3.8872,0.413,2.4586,2.3013,0.5447,1.5183,0.9642,1.3257,0.4165,0.5507,1.0022,0.2632,1.8541,1.0054,0.9946,0.4263,1.2538,0.8165,0.9636,1.8795,0.7157,2.0207,0.683,0.5538,0.9651,1.47,0.7569,4.4587,0.1624,4.0598,0.0806,2.3772,0.1389,2.4671,0.3225,1.1443,0.1286,1.5817,0.0832,0.7157,0.0661,0.9389,0.089,0.617,0.0515,0.4956,0.1017,0.3795,0.0298,0.6491,0.0283,0.4995,0.0294,0.5013,0.0315,0.4315,0.0301,0.592,0.0358,43.0,24.0,24.71,29.86,14.29,42.86,71.43,42.86,28.57,57.14,14.29,28.57,42.86,57.14,71.43,85.71,28.57,14.29,0.0,42.86,100.0,57.14,71.43,100.0,0.0,0.0,100.0,100.0,28.57,0.0,42.86,71.43,57.14,28.57,28.57,57.14,71.43,57.14,85.71,85.71,57.14,71.43,320.9591,0.3225,321.476,0.3215
58,UKRAINE - PREMIER LEAGUE,2024-11-08,14:30,Ch. Odesa,Vorskla Poltava,2.7,3.2,2.38,1.5,2.4,1.4,2.7,2.2,1.6,1.95,1.75,0.3704,0.3125,0.4202,0.6667,0.4167,0.7143,0.3704,0.4545,0.625,0.5128,0.5714,0.8438,1.1345,1.1852,1.3445,0.8815,0.7437,0.32,0.5,0.82,-9.0903,14.0362,-22.2936,0.1345,0.1562,0.3445,1.0114,1.5855,0.5634,1.975,-0.8763,-1.0954,-0.6573,-1.2693,0.3175,1.537,0.3075,1.587,0.732,1.549,0.9461,0.7294,0.5186,1.0307,0.9236,1.0827,1.3949,1.0495,1.581,0.6173,2.5069,0.3872,3.5764,0.1632,4.8921,0.5437,8.1488,0.1442,0.5091,0.2357,0.5624,0.0779,0.652,0.2161,0.991,0.1059,0.5442,0.0689,0.5241,0.1208,0.3386,0.2123,0.3658,0.0549,0.5305,0.0264,0.5435,0.0401,0.3039,0.0829,0.2676,0.1222,36.71,21.43,38.57,32.43,0.0,14.29,57.14,57.14,42.86,42.86,28.57,14.29,14.29,57.14,42.86,71.43,57.14,28.57,14.29,42.86,85.71,57.14,28.57,85.71,0.0,0.0,100.0,100.0,71.43,14.29,14.29,42.86,85.71,57.14,14.29,0.0,42.86,14.29,57.14,71.43,57.14,85.71,313.642,0.0258,240.6356,0.5337
29,INDIA - ISL,2024-11-08,15:00,Bengaluru FC,North East Utd,1.8,3.6,3.7,1.33,3.25,1.22,4.0,1.73,2.08,1.67,2.1,0.5556,0.2778,0.2703,0.7519,0.3077,0.8197,0.25,0.578,0.4808,0.5988,0.4762,0.5,0.4865,2.0,0.973,2.0556,1.0278,1.9,1.8,0.1,43.5312,41.9872,2.8624,0.5135,0.5,0.027,1.8904,0.6631,0.8457,1.6722,-0.3047,-2.9019,-0.7783,-1.3675,0.2094,2.3305,0.6053,1.2999,0.2442,1.5479,1.079,1.126,0.713,1.4993,1.5894,0.3363,1.0177,1.47,2.3677,0.7079,2.6114,0.1153,6.759,0.1364,2.1158,0.1664,8.5302,0.0609,0.9735,0.0988,1.0215,0.1346,0.6163,0.2075,1.1643,0.083,0.4231,0.1737,0.6279,0.1124,0.5662,0.0311,0.6825,0.0211,0.5913,0.0343,0.4463,0.0816,0.5184,0.0411,0.3287,0.0779,36.0,13.86,47.0,28.57,14.29,57.14,57.14,42.86,14.29,42.86,28.57,0.0,14.29,71.43,42.86,57.14,57.14,42.86,0.0,42.86,100.0,57.14,42.86,85.71,14.29,0.0,85.71,100.0,57.14,14.29,42.86,71.43,57.14,28.57,28.57,28.57,71.43,28.57,71.43,100.0,28.57,71.43,303.2181,0.4387,280.6921,0.364
52,SAUDI ARABIA - SAUDI PROFESSIONAL LEAGUE,2024-11-08,15:45,Al Hilal,Al Ettifaq,1.14,6.0,11.0,1.22,4.0,1.13,5.5,1.4,2.75,2.0,1.73,0.8772,0.1667,0.0909,0.8197,0.25,0.885,0.1818,0.7143,0.3636,0.5,0.578,0.19,0.1036,5.2632,0.5455,9.6491,1.8333,9.86,4.86,5.0,78.5337,67.6317,68.1986,0.8964,0.81,0.4545,3.0,0.0,1.5735,0.888,2.0487,0.0628,0.7004,1.1192,1.8337,0.7526,0.6747,2.2173,0.0484,7.8099,0.2864,1.7039,3.0484,0.124,1.5129,1.1357,0.9997,0.6903,0.8125,0.8494,3.5099,0.0809,3.9929,0.1786,1.0242,0.2345,2.0787,0.801,1.9313,0.054,1.0637,0.1683,0.8598,0.1369,0.6351,0.3888,0.0631,0.2678,0.6513,0.0342,1.1387,0.0394,0.5079,0.0347,0.4464,0.0764,0.5547,0.0512,0.8625,0.0268,0.4131,0.0441,22.71,41.43,40.29,36.71,57.14,14.29,42.86,57.14,57.14,42.86,28.57,14.29,71.43,42.86,85.71,57.14,14.29,42.86,42.86,14.29,57.14,85.71,100.0,57.14,0.0,0.0,100.0,100.0,0.0,42.86,100.0,42.86,0.0,57.14,85.71,28.57,100.0,42.86,100.0,71.43,71.43,71.43,354.2917,0.0157,246.7512,0.5239
51,SAUDI ARABIA - SAUDI PROFESSIONAL LEAGUE,2024-11-08,16:20,Al Ahli SC,Al Raed,1.22,5.0,9.0,1.29,3.5,1.17,4.5,1.53,2.38,1.91,1.8,0.8197,0.2,0.1111,0.7752,0.2857,0.8547,0.2222,0.6536,0.4202,0.5236,0.5556,0.244,0.1356,4.0984,0.5556,7.377,1.8,7.78,3.78,4.0,75.5832,62.1167,63.4349,0.8644,0.756,0.4444,1.2253,1.1947,1.3144,1.0631,0.1341,2.7591,0.3891,2.524,0.8714,1.6799,0.7321,1.6596,0.0843,4.484,0.9253,0.7458,1.1823,1.577,1.639,0.9601,1.0482,0.6584,1.2499,0.8553,2.7571,0.1878,6.0071,0.236,1.9043,0.3165,5.0713,0.0621,1.2353,0.1338,0.9256,0.1137,0.7353,0.1325,0.6398,0.1444,0.4026,0.2129,0.7462,0.1229,0.8998,0.0379,0.6215,0.0468,0.5588,0.0651,0.4935,0.019,0.6135,0.0598,0.2797,0.0815,34.86,45.29,45.0,13.57,42.86,28.57,42.86,71.43,57.14,28.57,14.29,14.29,57.14,71.43,71.43,85.71,28.57,14.29,28.57,57.14,71.43,42.86,57.14,85.71,0.0,0.0,100.0,100.0,42.86,14.29,42.86,57.14,57.14,42.86,57.14,28.57,57.14,42.86,85.71,100.0,71.43,71.43,314.4402,0.3179,285.6738,0.4546
9,BULGARIA - PARVA LIGA,2024-11-08,16:30,Botev Plovdiv,Lok. Sofia,1.33,4.2,8.5,1.44,2.63,1.36,3.0,2.1,1.7,2.5,1.5,0.7519,0.2381,0.1176,0.6944,0.3802,0.7353,0.3333,0.4762,0.5882,0.4,0.6667,0.3167,0.1565,3.1579,0.4941,6.391,2.0238,7.17,2.87,4.3,74.4141,55.1287,65.0561,0.8435,0.6833,0.5059,1.001,1.3439,1.0915,1.1485,-0.1904,-2.0977,-0.1386,-6.9928,0.184,2.6522,0.8289,1.0854,0.4218,1.1569,0.4479,1.1933,0.5593,1.7007,1.0153,1.0529,0.7496,1.0084,1.154,1.0006,1.23,0.3007,4.5855,0.0929,2.0283,0.2013,7.9084,0.1963,0.5217,0.2921,0.7708,0.0846,0.5931,0.0833,0.7708,0.3294,0.7116,0.1835,0.5707,0.1566,0.4668,0.0338,0.3719,0.1581,0.4852,0.0301,0.4683,0.0442,0.4719,0.1155,0.2559,0.0879,20.43,27.86,11.29,21.14,14.29,28.57,28.57,42.86,57.14,42.86,14.29,28.57,14.29,42.86,57.14,85.71,42.86,14.29,0.0,28.57,100.0,71.43,28.57,71.43,14.29,14.29,85.71,85.71,71.43,28.57,14.29,28.57,85.71,71.43,28.57,57.14,28.57,28.57,42.86,71.43,57.14,57.14,262.6574,0.5791,268.4513,0.5962
48,ROMANIA - LIGA 1,2024-11-08,17:00,Otelul,FC Botosani,1.75,3.25,4.5,1.53,2.38,1.44,2.63,2.4,1.53,2.25,1.57,0.5714,0.3077,0.2222,0.6536,0.4202,0.6944,0.3802,0.4167,0.6536,0.4444,0.6369,0.5385,0.3889,1.8571,0.7222,2.5714,1.3846,2.75,1.5,1.25,53.9726,36.8699,32.0054,0.6111,0.4615,0.2778,1.6995,0.7376,0.7908,1.4071,0.4706,1.1317,-0.9717,-1.0,0.9379,0.9593,0.1179,3.2061,0.29,1.6828,0.4037,1.324,1.0315,0.7916,0.5373,1.4644,0.5609,1.4027,1.5091,0.8432,1.7,0.3248,2.4002,0.2139,2.0058,0.1726,6.778,0.0573,0.5785,0.1207,0.3978,0.1966,0.6499,0.082,0.8978,0.0742,0.7135,0.0369,0.6659,0.0997,0.3085,0.0755,0.4597,0.0911,0.4615,0.086,0.5128,0.0304,0.4427,0.0201,0.2241,0.1852,21.29,13.43,24.0,25.43,14.29,14.29,57.14,28.57,28.57,57.14,42.86,0.0,28.57,28.57,57.14,57.14,42.86,42.86,57.14,0.0,42.86,100.0,71.43,57.14,14.29,14.29,85.71,85.71,28.57,42.86,0.0,57.14,100.0,42.86,28.57,14.29,42.86,14.29,71.43,42.86,42.86,71.43,224.9754,0.7108,264.6695,0.558
59,UKRAINE - PREMIER LEAGUE,2024-11-08,17:00,Livyi Bereg,Inhulets,2.3,3.0,3.0,1.5,2.38,1.46,2.63,2.55,1.49,2.04,1.72,0.4348,0.3333,0.3333,0.6667,0.4202,0.6849,0.3802,0.3922,0.6711,0.4902,0.5814,0.7667,0.7667,1.3043,1.0,1.3043,1.0,0.7,0.7,0.0,19.29,19.29,0.0,0.2333,0.2333,0.0,,,0.2802,1.7416,,,-1.4794,-0.6783,,,0.4525,1.7388,,,0.6991,1.1254,,,0.5617,1.4007,,,2.0411,0.7484,,,10.0069,0.0319,,,24.5271,0.0442,,,0.5415,0.0709,,,1.1129,0.1069,,,0.4661,0.1646,,,0.4382,0.0466,,,0.6571,0.0347,,,0.2258,0.0248,,,21.43,40.0,,14.29,,28.57,,57.14,,14.29,,42.86,,57.14,,42.86,,28.57,,71.43,,71.43,,14.29,,85.71,,28.57,,57.14,,42.86,,14.29,,0.0,,42.86,,85.71,,,263.3518,0.5605
57,TURKEY - SUPER LIG,2024-11-08,18:00,Kasimpasa,Kayserispor,1.73,3.9,4.2,1.3,3.4,1.18,4.5,1.62,2.25,1.62,2.2,0.578,0.2564,0.2381,0.7692,0.2941,0.8475,0.2222,0.6173,0.4444,0.6173,0.4545,0.4436,0.4119,2.2543,0.9286,2.4277,1.0769,2.47,2.17,0.3,51.0023,47.3345,8.5308,0.5881,0.5564,0.0714,1.0866,1.1537,0.7704,1.3876,-0.3815,-1.6451,-1.0234,-1.0909,0.4515,1.7426,0.5412,0.9876,0.7456,1.0553,0.9212,0.9767,1.0417,1.2034,0.8162,1.1023,1.4232,0.7818,1.8396,0.6049,1.9172,0.559,3.3326,0.2137,4.592,0.1348,10.9448,0.0369,0.7414,0.1242,0.4685,0.1727,1.0986,0.1059,0.8971,0.1012,0.7499,0.0385,0.6288,0.0677,0.6538,0.022,0.6858,0.0558,0.4643,0.0409,0.4709,0.0896,0.4828,0.047,0.2228,0.0812,13.86,38.71,16.14,27.0,42.86,28.57,14.29,28.57,57.14,57.14,0.0,28.57,57.14,57.14,71.43,85.71,28.57,14.29,28.57,57.14,71.43,42.86,71.43,85.71,28.57,14.29,71.43,85.71,28.57,14.29,57.14,71.43,42.86,28.57,42.86,28.57,28.57,14.29,57.14,57.14,71.43,85.71,208.4428,0.8372,228.5479,0.6904
56,TURKEY - 1. LIG,2024-11-08,18:00,Umraniyespor,Igdir FK,2.3,3.2,2.75,1.44,2.63,1.33,3.25,2.05,1.75,1.8,1.91,0.4348,0.3125,0.3636,0.6944,0.3802,0.7519,0.3077,0.4878,0.5714,0.5556,0.5236,0.7187,0.8364,1.3913,1.1636,1.1957,0.8594,0.45,0.9,0.45,12.6804,24.2277,-12.6804,0.1636,0.2813,0.1636,1.9661,0.6566,,,1.0384,0.5352,,,0.6909,1.7586,,,0.2373,2.0565,,,1.7752,0.9199,,,0.7368,1.2211,,,4.4859,0.1644,,,1.3658,0.7959,,,1.4096,0.1452,,,0.6239,0.1923,,,0.5349,0.1165,,,0.6044,0.0402,,,0.4451,0.0434,,,0.5334,0.0262,,,35.86,31.86,,,42.86,,42.86,,42.86,,14.29,,42.86,,57.14,,42.86,,28.57,,71.43,,71.43,,0.0,,100.0,,28.57,,42.86,,57.14,,42.86,,57.14,,85.71,,57.14,,281.8757,0.4721,,
55,TURKEY - 1. LIG,2024-11-08,18:00,Ankaragucu,Erokspor,1.36,4.33,6.5,1.33,3.25,1.22,4.0,1.73,2.08,1.91,1.8,0.7353,0.2309,0.1538,0.7519,0.3077,0.8197,0.25,0.578,0.4808,0.5236,0.5556,0.3141,0.2092,3.1838,0.6662,4.7794,1.5012,5.14,2.97,2.17,68.7387,56.0436,47.3345,0.7908,0.6859,0.3338,1.6508,0.7594,,,0.3308,0.4498,,,0.5447,0.9813,,,0.2506,1.9473,,,0.9954,1.0046,,,0.6646,0.8042,,,2.4628,0.1796,,,1.2628,0.8003,,,1.0397,0.0955,,,0.6826,0.1052,,,0.6445,0.0901,,,0.5422,0.0531,,,0.5009,0.0477,,,0.6509,0.1052,,,19.43,34.14,,,42.86,,14.29,,57.14,,0.0,,42.86,,57.14,,42.86,,14.29,,85.71,,57.14,,28.57,,71.43,,42.86,,28.57,,71.43,,28.57,,42.86,,57.14,,57.14,,253.6542,0.6915,,
35,MOROCCO - BOTOLA PRO,2024-11-08,18:00,Jeunesse Sportive Soualem,FUS Rabat,3.1,3.05,2.2,1.57,2.25,1.44,2.63,2.5,1.5,2.1,1.67,0.3226,0.3279,0.4545,0.6369,0.4444,0.6944,0.3802,0.4,0.6667,0.4762,0.5988,1.0164,1.4091,0.9839,1.3864,0.7097,0.7213,0.9,0.05,0.85,-24.2277,-1.4321,-23.0255,0.4091,0.0164,0.3864,0.5572,0.9593,0.8128,1.7399,-0.4428,-0.5239,-0.3175,-2.8044,0.1703,2.2196,0.2844,1.8794,0.0989,3.822,0.2024,2.4111,0.6429,0.8314,0.86,2.0924,1.0857,0.752,1.1775,0.7641,3.275,0.5813,3.0072,0.1534,3.4939,0.2531,4.7576,0.0287,0.5358,0.371,0.8028,0.1778,0.6786,0.139,0.8028,0.0232,0.7592,0.0735,0.558,0.0901,0.3199,0.03,0.2785,0.0743,0.5651,0.0628,0.4356,0.154,0.3573,0.0851,0.32,0.165,28.14,45.43,25.14,34.0,42.86,14.29,14.29,42.86,28.57,57.14,0.0,28.57,57.14,28.57,28.57,42.86,71.43,57.14,0.0,28.57,100.0,71.43,57.14,57.14,28.57,0.0,71.43,100.0,42.86,42.86,28.57,42.86,71.43,57.14,14.29,14.29,0.0,28.57,57.14,57.14,71.43,71.43,212.9741,0.7674,320.3165,0.3197
11,CROATIA - HNL,2024-11-08,18:00,Sibenik,Lok. Zagreb,3.1,3.25,2.15,1.4,2.75,1.29,3.5,2.0,1.85,1.73,2.0,0.3226,0.3077,0.4651,0.7143,0.3636,0.7752,0.2857,0.5,0.5405,0.578,0.5,0.9538,1.4419,1.0484,1.5116,0.6935,0.6615,0.95,0.15,1.1,-25.4077,4.2892,-28.8108,0.4419,0.0462,0.5116,1.3129,0.9833,0.8782,1.5318,-0.047,-10.2489,-1.6739,-1.0085,0.6916,1.1377,0.549,2.1033,0.3372,1.4472,1.0552,0.9014,0.8662,1.0387,1.1978,0.8147,0.9132,1.2417,2.8716,0.6625,1.53,0.1353,5.2932,0.3575,6.9852,0.0657,16.4789,0.005,0.6846,0.2366,0.8808,0.053,0.8275,0.0572,1.5237,0.0209,0.373,0.3389,0.5413,0.1417,0.5547,0.1015,0.6097,0.0635,0.4933,0.0752,0.5293,0.0389,0.5122,0.1716,0.3331,0.1438,25.0,7.71,34.29,20.86,14.29,14.29,57.14,71.43,14.29,28.57,28.57,42.86,28.57,57.14,57.14,85.71,42.86,14.29,28.57,57.14,71.43,42.86,57.14,100.0,28.57,0.0,71.43,100.0,42.86,0.0,28.57,71.43,71.43,28.57,28.57,57.14,57.14,28.57,71.43,85.71,28.57,71.43,248.5882,0.6887,271.5563,0.4801
50,SAUDI ARABIA - SAUDI PROFESSIONAL LEAGUE,2024-11-08,18:00,Al Riyadh,Al Nassr,9.0,5.5,1.2,1.22,4.0,1.13,5.5,1.44,2.63,1.83,1.83,0.1111,0.1818,0.8333,0.8197,0.25,0.885,0.1818,0.6944,0.3802,0.5464,0.5464,1.6364,7.5,0.6111,4.5833,0.1333,0.2182,7.8,3.5,4.3,-75.6186,-60.2551,-65.0561,6.5,0.6364,3.5833,1.3638,0.9192,2.8196,0.2681,-0.1926,-4.1734,2.1485,0.1653,0.1948,1.9405,1.1625,1.478,0.5169,1.034,0.1804,4.1901,1.0733,0.538,2.6429,0.912,1.2659,0.8445,0.4944,1.9239,8.3422,0.1183,3.2101,0.1602,11.326,0.1822,1.1029,0.8615,0.6916,0.0896,1.4973,0.075,0.8344,0.1214,0.783,0.089,0.849,0.1004,0.3833,0.1612,0.686,0.0278,0.896,0.0267,0.4844,0.0227,0.538,0.0723,0.2403,0.0811,0.7088,0.1009,51.0,31.43,32.71,24.71,28.57,42.86,57.14,57.14,14.29,42.86,0.0,28.57,71.43,42.86,57.14,71.43,42.86,28.57,14.29,57.14,85.71,42.86,71.43,71.43,14.29,0.0,85.71,100.0,28.57,28.57,42.86,71.43,57.14,28.57,0.0,57.14,28.57,85.71,85.71,100.0,71.43,42.86,188.8143,0.8412,321.3394,0.3223
24,GERMANY - 2. BUNDESLIGA,2024-11-08,18:30,Braunschweig,Hamburger SV,3.1,3.75,2.05,1.3,3.4,1.18,4.5,1.62,2.25,1.53,2.38,0.3226,0.2667,0.4878,0.7692,0.2941,0.8475,0.2222,0.6173,0.4444,0.6536,0.4202,0.8267,1.5122,1.2097,1.8293,0.6613,0.5467,1.05,0.65,1.7,-27.6995,18.0042,-40.3645,0.5122,0.1733,0.8293,1.3418,1.1268,1.6904,0.8266,-0.3978,-2.3391,0.9095,0.7599,0.5702,0.9374,0.8063,1.1797,0.4638,1.6964,0.4918,1.5998,1.0011,0.8156,1.8842,0.7769,1.3989,1.2183,0.9746,0.8378,2.7902,0.1554,4.4857,0.1025,3.77,0.2665,2.9785,0.3212,0.7793,0.1283,1.1462,0.0877,0.9221,0.1895,0.8605,0.2152,0.6047,0.0881,0.6968,0.0511,0.6687,0.0344,0.8083,0.0221,0.5331,0.0608,0.5928,0.068,0.4157,0.0421,0.4353,0.042,22.29,13.71,21.43,27.57,14.29,14.29,57.14,57.14,28.57,42.86,42.86,28.57,28.57,42.86,85.71,85.71,14.29,14.29,14.29,42.86,85.71,57.14,71.43,71.43,14.29,0.0,85.71,100.0,28.57,28.57,42.86,71.43,57.14,28.57,57.14,42.86,42.86,42.86,71.43,71.43,42.86,71.43,312.0727,0.4226,320.5875,0.4046
25,GERMANY - 2. BUNDESLIGA,2024-11-08,18:30,Nurnberg,Kaiserslautern,2.2,3.6,2.9,1.3,3.4,1.17,5.0,1.6,2.3,1.5,2.5,0.4545,0.2778,0.3448,0.7692,0.2941,0.8547,0.2,0.625,0.4348,0.6667,0.4,0.6111,0.7586,1.6364,1.2414,1.3182,0.8056,0.7,1.4,0.7,19.29,34.992,-19.29,0.2414,0.3889,0.2414,1.2666,1.2661,1.399,1.0807,-0.4063,-2.5732,-0.1563,-4.7985,0.2736,1.7836,0.5003,1.5727,1.0011,0.5768,0.6251,1.2587,1.2666,1.2661,1.2229,0.8742,1.6728,0.7494,1.3792,0.9089,5.2443,0.1057,4.247,0.1406,4.48,0.1133,5.0899,0.1128,1.4167,0.0769,0.8288,0.1077,1.131,0.0822,0.9716,0.0818,0.5345,0.0436,0.624,0.0574,0.7357,0.0548,0.723,0.0353,0.6207,0.1128,0.5206,0.1162,0.4048,0.0425,0.3718,0.0468,14.0,24.14,38.71,23.43,14.29,14.29,28.57,57.14,71.43,28.57,14.29,14.29,28.57,57.14,100.0,42.86,0.0,57.14,14.29,28.57,85.71,71.43,85.71,57.14,0.0,14.29,100.0,85.71,14.29,42.86,57.14,57.14,42.86,42.86,14.29,14.29,42.86,42.86,42.86,71.43,85.71,71.43,360.2875,0.043,308.0933,0.4362
13,DENMARK - 1ST DIVISION,2024-11-08,19:00,B.93,Fredericia,3.8,4.0,1.67,1.25,3.75,1.13,6.0,1.44,2.7,1.44,2.63,0.2632,0.25,0.5988,0.8,0.2667,0.885,0.1667,0.6944,0.3704,0.6944,0.3802,0.95,2.2754,1.0526,2.3952,0.4395,0.4175,2.13,0.2,2.33,-46.8029,5.7106,-49.3582,1.2754,0.05,1.3952,0.6927,1.6063,1.9569,0.7481,-1.142,-0.8239,0.9359,1.4857,0.138,2.7391,0.6087,1.7562,1.0648,1.0844,0.6732,1.413,0.5974,0.8947,2.1427,0.8019,1.7394,0.9798,1.2068,1.0388,1.9716,0.6201,6.3971,0.1376,5.8152,0.2252,4.3231,0.1727,0.3612,0.9156,1.396,0.1531,0.8612,0.08,0.8245,0.0893,0.6447,0.0782,0.5589,0.1158,0.7729,0.0767,0.8531,0.0812,0.6386,0.0841,0.579,0.0532,0.2938,0.1355,0.3634,0.0718,31.57,11.43,22.57,30.43,0.0,28.57,57.14,42.86,14.29,57.14,14.29,28.57,42.86,42.86,71.43,85.71,28.57,14.29,28.57,28.57,71.43,71.43,57.14,85.71,28.57,0.0,71.43,100.0,42.86,14.29,57.14,85.71,42.86,14.29,14.29,57.14,14.29,71.43,57.14,71.43,57.14,71.43,248.6936,0.6745,366.6443,0.0409
47,PORTUGAL - LIGA PORTUGAL 2,2024-11-08,19:00,Vizela,Chaves,2.25,3.1,2.88,1.44,2.63,1.36,3.0,2.15,1.67,1.83,1.83,0.4444,0.3226,0.3472,0.6944,0.3802,0.7353,0.3333,0.4651,0.5988,0.5464,0.5464,0.7258,0.7812,1.3778,1.0764,1.28,0.929,0.63,0.85,0.22,17.4844,23.0255,-6.2773,0.2187,0.2742,0.0764,1.2394,1.141,0.9156,1.5446,0.1536,6.1732,-0.987,-1.1844,0.3929,1.242,0.2634,1.8527,0.7841,0.4821,1.0032,0.8968,1.533,0.9003,0.7712,0.8948,1.3794,0.9224,1.7583,0.6449,3.6515,0.1477,3.2043,0.2284,2.8871,1.3562,14.9533,0.016,0.949,0.1009,0.7245,0.1249,0.949,0.2418,0.9388,0.0505,0.8046,0.139,0.514,0.1807,0.4518,0.0321,0.5322,0.0855,0.5117,0.0199,0.5097,0.0302,0.4694,0.0974,0.3062,0.0839,36.0,21.0,40.57,33.57,0.0,0.0,71.43,71.43,28.57,28.57,28.57,28.57,57.14,57.14,100.0,71.43,0.0,28.57,14.29,42.86,85.71,57.14,85.71,71.43,0.0,0.0,100.0,100.0,14.29,28.57,71.43,57.14,28.57,42.86,14.29,14.29,28.57,28.57,71.43,71.43,85.71,85.71,314.8452,0.3191,317.6212,0.3128
12,DENMARK - 1ST DIVISION,2024-11-08,19:00,Kolding IF,Vendsyssel,1.5,3.9,5.5,1.36,3.0,1.29,3.5,1.88,1.98,1.91,1.8,0.6667,0.2564,0.1818,0.7353,0.3333,0.7752,0.2857,0.5319,0.5051,0.5236,0.5556,0.3846,0.2727,2.6,0.7091,3.6667,1.4103,4.0,2.4,1.6,63.4349,50.1944,38.6598,0.7273,0.6154,0.2909,0.7743,1.3806,0.7893,1.7043,-0.3844,-0.7711,-0.7958,-0.9754,0.4713,1.1341,0.8167,0.707,0.8265,0.952,1.0278,0.8754,0.8897,0.7757,1.2268,0.6413,1.274,0.9537,2.0226,0.6651,2.2586,0.3742,3.7373,0.1293,2.2228,0.2294,8.4144,0.0946,0.7757,0.2743,0.8178,0.096,0.7042,0.1421,1.032,0.1848,0.8521,0.1421,0.492,0.1506,0.6369,0.0903,0.819,0.0974,0.567,0.0358,0.4292,0.0871,0.5513,0.0865,0.3498,0.0512,29.14,14.43,22.57,38.57,14.29,42.86,57.14,42.86,14.29,57.14,28.57,42.86,57.14,71.43,57.14,100.0,42.86,0.0,28.57,57.14,71.43,42.86,57.14,100.0,28.57,0.0,71.43,100.0,42.86,0.0,42.86,57.14,57.14,42.86,14.29,42.86,14.29,28.57,71.43,85.71,57.14,85.71,214.5287,0.8061,278.8623,0.4509
26,GERMANY - 3. LIGA,2024-11-08,19:00,Verl,Hansa Rostock,2.3,3.4,2.6,1.36,3.0,1.22,4.0,1.8,2.0,1.62,2.2,0.4348,0.2941,0.3846,0.7353,0.3333,0.8197,0.25,0.5556,0.5,0.6173,0.4545,0.6765,0.8846,1.4783,1.3077,1.1304,0.7647,0.3,1.1,0.8,8.5308,28.8108,-21.8014,0.1154,0.3235,0.3077,1.2711,0.9862,0.5563,2.0383,-0.2946,-2.9111,-0.7598,-0.6514,0.2626,1.8583,0.2631,1.8548,0.9008,0.7661,0.9298,0.621,1.2567,0.8854,0.6988,1.0817,1.5513,0.7309,1.4586,0.5394,2.8327,0.2604,2.4516,0.1927,3.5913,0.0769,5.2831,0.0831,0.7827,0.1717,0.5192,0.1866,0.9256,0.0562,1.0192,0.0752,0.6932,0.0309,0.5982,0.0998,0.6588,0.0407,0.5713,0.0473,0.5478,0.0584,0.4721,0.0794,0.4226,0.0442,0.3243,0.1289,36.14,19.57,28.29,23.57,14.29,0.0,57.14,57.14,42.86,42.86,14.29,28.57,57.14,57.14,85.71,85.71,14.29,14.29,28.57,28.57,71.43,71.43,100.0,71.43,0.0,0.0,100.0,100.0,0.0,28.57,57.14,57.14,42.86,42.86,14.29,0.0,28.57,14.29,71.43,57.14,85.71,100.0,239.8789,0.5864,315.5618,0.3087
14,DENMARK - SUPERLIGA,2024-11-08,19:00,Vejle,Sonderjyske,2.3,3.5,2.62,1.3,3.4,1.18,4.5,1.6,2.3,1.57,2.25,0.4348,0.2857,0.3817,0.7692,0.2941,0.8475,0.2222,0.625,0.4348,0.6369,0.4444,0.6571,0.8779,1.5217,1.3359,1.1391,0.7486,0.32,1.2,0.88,9.0903,30.9638,-23.7495,0.1221,0.3429,0.3359,0.2944,3.8516,0.5451,2.0802,-1.4016,-0.6042,-1.5014,-0.678,0.3656,2.1521,0.5847,1.3456,0.1379,2.7411,0.8429,0.8968,0.9775,0.9204,0.8127,1.3154,2.3791,0.674,2.3141,0.4808,3.4719,0.0729,3.9716,0.1914,7.5365,0.2435,11.3524,0.1367,0.736,0.1306,0.5515,0.4024,1.3075,0.1873,1.4087,0.089,0.4777,0.1262,0.4176,0.1183,0.6162,0.1121,0.6999,0.0489,0.5292,0.0336,0.5083,0.1019,0.3292,0.0656,0.2459,0.3229,28.43,48.14,4.71,35.71,42.86,28.57,28.57,14.29,57.14,85.71,14.29,14.29,57.14,42.86,57.14,71.43,42.86,28.57,14.29,42.86,85.71,57.14,85.71,85.71,0.0,0.0,100.0,100.0,14.29,14.29,71.43,71.43,28.57,28.57,42.86,28.57,14.29,14.29,71.43,42.86,85.71,100.0,303.8891,0.3165,349.6532,0.2851
28,HUNGARY - OTP BANK LIGA,2024-11-08,20:00,Nyiregyhaza,MTK Budapest,2.5,3.5,2.4,1.33,3.25,1.22,4.0,1.73,2.08,1.62,2.2,0.4,0.2857,0.4167,0.7519,0.3077,0.8197,0.25,0.578,0.4808,0.6173,0.4545,0.7143,1.0417,1.4,1.4583,0.96,0.6857,0.1,1.0,1.1,-2.8624,26.5651,-28.8108,0.0417,0.2857,0.4583,,,1.3531,1.1174,,,-0.5326,-1.751,,,0.3774,1.4163,,,0.8823,1.2116,,,0.9486,1.2173,,,1.4812,0.859,,,3.5974,0.3678,,,2.616,0.2851,,,0.8195,0.1373,,,0.6052,0.1654,,,0.6428,0.0924,,,0.6371,0.0163,,,0.4866,0.0536,,,0.3533,0.094,,,23.57,36.0,,28.57,,28.57,,71.43,,14.29,,42.86,,71.43,,28.57,,42.86,,57.14,,57.14,,0.0,,100.0,,42.86,,42.86,,57.14,,14.29,,42.86,,57.14,,85.71,,,322.615,0.3147
49,ROMANIA - LIGA 1,2024-11-08,20:00,Din. Bucuresti,CFR Cluj,3.8,3.3,1.91,1.44,2.63,1.33,3.25,2.1,1.7,1.91,1.8,0.2632,0.303,0.5236,0.6944,0.3802,0.7519,0.3077,0.4762,0.5882,0.5236,0.5556,1.1515,1.9895,0.8684,1.7277,0.5026,0.5788,1.89,0.5,1.39,-43.3802,-14.0362,-34.7993,0.9895,0.1515,0.7277,2.015,0.6221,1.838,0.682,0.6649,0.9341,0.2908,2.6675,1.1589,0.7763,0.3208,1.5212,0.4624,1.0554,0.2566,2.9458,1.8574,0.7881,1.2529,0.8532,1.1925,0.6847,0.9622,1.9901,4.0001,0.1862,2.8056,0.2421,2.5357,0.24,0.7429,1.2594,1.235,0.1677,0.7993,0.1834,0.735,0.1505,0.3707,0.6186,0.4963,0.0582,0.6482,0.0285,0.3891,0.0766,0.5326,0.062,0.5013,0.0527,0.573,0.0642,0.4699,0.0479,0.4557,0.0612,19.0,40.29,39.71,10.71,57.14,14.29,28.57,57.14,71.43,14.29,14.29,14.29,57.14,28.57,85.71,42.86,14.29,57.14,42.86,14.29,57.14,85.71,85.71,42.86,0.0,28.57,100.0,71.43,14.29,57.14,57.14,42.86,42.86,57.14,71.43,28.57,71.43,42.86,85.71,71.43,71.43,28.57,316.9955,0.3244,221.8815,0.8022
18,FRANCE - LIGUE 2,2024-11-08,20:00,Red Star,Troyes,2.25,3.3,3.0,1.4,2.75,1.3,3.4,2.03,1.83,1.8,1.91,0.4444,0.303,0.3333,0.7143,0.3636,0.7692,0.2941,0.4926,0.5464,0.5556,0.5236,0.6818,0.75,1.4667,1.1,1.3333,0.9091,0.75,1.05,0.3,20.556,27.6995,-8.5308,0.25,0.3182,0.1,0.4622,2.4074,0.6615,1.6821,-1.0168,-0.5199,-0.9821,-0.9582,0.5799,0.9217,0.2711,1.8001,1.0816,0.7549,0.6264,1.2561,0.8207,0.8409,0.5295,1.4859,1.8375,0.6056,1.5116,0.9244,3.0145,0.1284,2.4286,0.1776,6.1306,0.1394,6.2288,0.0881,0.5906,0.1311,0.4858,0.1361,0.9478,0.085,0.843,0.0864,0.5156,0.1303,0.5693,0.0523,0.3809,0.0656,0.4087,0.0727,0.494,0.0567,0.496,0.0321,0.3242,0.058,0.2574,0.035,24.29,23.57,14.43,24.14,14.29,28.57,57.14,14.29,42.86,57.14,42.86,0.0,57.14,42.86,100.0,71.43,0.0,28.57,42.86,14.29,57.14,85.71,71.43,57.14,0.0,28.57,100.0,71.43,28.57,42.86,57.14,57.14,42.86,42.86,28.57,28.57,14.29,14.29,71.43,42.86,85.71,71.43,312.2227,0.3991,304.1199,0.5575
4,BELGIUM - CHALLENGER PRO LEAGUE,2024-11-08,20:00,K. Lierse S.K.,Lokeren-Temse,2.2,3.5,2.8,1.33,3.25,1.22,4.0,1.75,2.05,1.62,2.2,0.4545,0.2857,0.3571,0.7519,0.3077,0.8197,0.25,0.5714,0.4878,0.6173,0.4545,0.6286,0.7857,1.5909,1.25,1.2727,0.8,0.6,1.3,0.7,16.6992,33.0239,-19.29,0.2143,0.3714,0.25,2.1975,0.5705,,,1.1349,0.643,,,0.8516,0.9588,,,0.2579,1.8922,,,2.1975,0.5705,,,1.0625,0.6495,,,6.3772,0.066,,,2.6015,0.5736,,,1.4159,0.0995,,,0.7016,0.2653,,,0.6049,0.0618,,,0.6577,0.0429,,,0.4865,0.0904,,,0.4033,0.0674,,,29.57,56.0,,,57.14,,28.57,,57.14,,28.57,,71.43,,71.43,,28.57,,42.86,,57.14,,85.71,,0.0,,100.0,,14.29,,71.43,,28.57,,57.14,,71.43,,85.71,,85.71,,321.0844,0.3192,,
45,NETHERLANDS - EREDIVISIE,2024-11-08,20:00,Utrecht,Heracles,1.4,4.75,6.5,1.3,3.4,1.18,4.5,1.62,2.25,1.91,1.91,0.7143,0.2105,0.1538,0.7692,0.2941,0.8475,0.2222,0.6173,0.4444,0.5236,0.5236,0.2947,0.2154,3.3929,0.7308,4.6429,1.3684,5.1,3.35,1.75,68.587,59.1622,41.1859,0.7846,0.7053,0.2692,2.1206,0.6903,1.0573,1.3376,0.558,0.4935,-1.33,-0.9294,0.9762,0.5915,0.5653,1.3918,0.7277,1.0388,0.6701,0.7282,1.8065,0.6726,0.8568,1.0501,1.2485,0.6054,2.1868,0.7333,3.19,0.0623,2.6643,0.3297,3.0127,0.167,17.0941,0.0499,1.2065,0.0884,0.3892,0.2474,0.9922,0.1331,1.5321,0.0489,0.404,0.1775,0.5261,0.3108,0.6744,0.0219,0.7701,0.0889,0.465,0.0568,0.528,0.0924,0.5559,0.0365,0.2071,0.1642,20.14,34.0,19.57,30.86,28.57,28.57,57.14,28.57,42.86,57.14,57.14,14.29,71.43,57.14,85.71,85.71,14.29,14.29,57.14,28.57,42.86,71.43,71.43,85.71,0.0,14.29,100.0,85.71,28.57,14.29,71.43,85.71,28.57,14.29,28.57,28.57,71.43,28.57,85.71,57.14,85.71,85.71,352.3853,0.0186,294.3038,0.4438
44,NETHERLANDS - EERSTE DIVISIE,2024-11-08,20:00,Den Haag,Vitesse,1.44,4.5,5.5,1.25,3.75,1.14,5.5,1.48,2.6,1.57,2.25,0.6944,0.2222,0.1818,0.8,0.2667,0.8772,0.1818,0.6757,0.3846,0.6369,0.4444,0.32,0.2618,3.125,0.8182,3.8194,1.2222,4.06,3.06,1.0,63.7746,56.8316,26.5651,0.7382,0.68,0.1818,1.1034,1.1361,1.3231,1.1427,-0.4976,-1.5125,-0.1738,-5.027,0.6298,0.7748,0.4224,1.2654,0.8252,0.916,0.4316,1.2384,1.2181,0.7809,1.5116,0.7501,1.7157,0.9432,1.6853,0.9515,2.2144,0.082,6.736,0.1588,2.8816,0.161,6.4144,0.4835,0.9327,0.0653,1.0804,0.1416,1.0755,0.1082,1.0804,0.2473,0.7356,0.1049,0.7305,0.1185,0.7995,0.0298,0.7357,0.0704,0.4342,0.0725,0.4396,0.0942,0.5796,0.0321,0.3036,0.0991,25.14,32.0,40.43,25.86,57.14,14.29,28.57,71.43,71.43,28.57,14.29,28.57,71.43,57.14,100.0,57.14,0.0,42.86,42.86,28.57,57.14,71.43,100.0,57.14,0.0,0.0,100.0,100.0,0.0,42.86,57.14,57.14,42.86,42.86,42.86,14.29,28.57,42.86,85.71,85.71,85.71,71.43,235.1627,0.5903,281.9423,0.354
43,NETHERLANDS - EERSTE DIVISIE,2024-11-08,20:00,Cambuur,Jong PSV,1.5,4.4,5.0,1.22,4.0,1.11,6.5,1.4,2.88,1.5,2.5,0.6667,0.2273,0.2,0.8197,0.25,0.9009,0.1538,0.7143,0.3472,0.6667,0.4,0.3409,0.3,2.9333,0.88,3.3333,1.1364,3.5,2.9,0.6,60.2551,55.4077,16.6992,0.7,0.6591,0.12,0.4556,1.1732,1.5123,1.0604,-0.6846,-0.3567,0.1275,8.9553,0.6296,1.2497,0.8018,0.8607,0.8639,1.2374,0.6824,1.153,0.9694,1.1027,1.7956,0.5953,1.654,0.6856,1.6681,0.8377,1.2714,0.4716,5.9713,0.1384,2.2071,0.2675,5.8826,0.0601,0.6274,0.3169,1.085,0.1312,0.8417,0.2525,0.7993,0.114,0.7745,0.0546,0.482,0.0608,0.8469,0.0237,1.0179,0.0448,0.5503,0.1477,0.6548,0.1665,0.5405,0.0424,0.3128,0.0208,20.43,32.43,23.86,20.29,28.57,14.29,28.57,71.43,57.14,14.29,14.29,71.43,57.14,42.86,71.43,85.71,28.57,14.29,28.57,42.86,71.43,57.14,57.14,100.0,14.29,0.0,85.71,100.0,42.86,0.0,42.86,57.14,57.14,42.86,28.57,42.86,0.0,57.14,57.14,85.71,85.71,57.14,261.2269,0.5987,359.3149,0.0323
42,NETHERLANDS - EERSTE DIVISIE,2024-11-08,20:00,Excelsior,Eindhoven FC,1.4,4.4,6.0,1.29,3.5,1.17,5.0,1.53,2.4,1.73,2.0,0.7143,0.2273,0.1667,0.7752,0.2857,0.8547,0.2,0.6536,0.4167,0.578,0.5,0.3182,0.2333,3.1429,0.7333,4.2857,1.3636,4.6,3.0,1.6,66.5014,56.3099,38.6598,0.7667,0.6818,0.2667,3.0,0.0,1.3002,1.1628,2.8247,0.2034,0.0605,21.4083,2.2144,0.5487,0.3908,1.3677,0.6011,1.5824,0.6092,0.8774,4.0783,0.3468,1.4131,1.2159,1.2536,0.603,1.3527,0.7032,4.8558,0.1907,5.4718,0.166,2.0943,1.0565,7.0148,0.0908,1.8085,0.1882,0.9978,0.1973,0.9513,0.055,0.9264,0.1994,0.3604,0.1759,0.5418,0.1024,0.8791,0.0324,0.7544,0.0269,0.406,0.2039,0.5382,0.0465,0.6169,0.1096,0.2814,0.0746,18.0,39.43,18.86,19.57,57.14,14.29,42.86,42.86,57.14,57.14,42.86,28.57,85.71,28.57,100.0,100.0,0.0,0.0,85.71,0.0,14.29,100.0,100.0,100.0,0.0,0.0,100.0,100.0,0.0,0.0,100.0,42.86,0.0,57.14,71.43,42.86,100.0,42.86,100.0,57.14,85.71,71.43,356.8972,0.0225,323.2892,0.3163
41,NETHERLANDS - EERSTE DIVISIE,2024-11-08,20:00,Oss,Den Bosch,3.2,3.5,2.0,1.33,3.25,1.2,4.33,1.67,2.15,1.62,2.2,0.3125,0.2857,0.5,0.7519,0.3077,0.8333,0.2309,0.5988,0.4651,0.6173,0.4545,0.9143,1.6,1.0938,1.75,0.625,0.5714,1.2,0.3,1.5,-30.9638,8.5308,-36.8699,0.6,0.0857,0.75,1.5075,0.9269,1.386,1.0908,-0.2501,-3.1523,-0.0885,-9.8554,0.305,2.4784,0.8404,1.0706,0.9599,1.1137,0.442,1.2093,1.2634,0.3863,1.4152,0.9874,1.5135,0.8407,1.5037,0.7541,4.5201,0.0786,3.543,0.1303,4.9099,0.3091,4.0929,2.2848,0.885,0.1089,0.8132,0.1037,0.885,0.0658,0.8132,0.4148,0.7181,0.0774,0.5536,0.0685,0.6284,0.0578,0.7293,0.0396,0.4189,0.0497,0.5048,0.0729,0.3413,0.0897,0.3407,0.0599,60.14,23.86,9.71,25.71,14.29,42.86,85.71,14.29,14.29,71.43,0.0,14.29,85.71,42.86,71.43,71.43,28.57,28.57,28.57,42.86,71.43,57.14,85.71,85.71,0.0,14.29,100.0,85.71,14.29,14.29,57.14,57.14,42.86,42.86,14.29,42.86,42.86,42.86,100.0,57.14,85.71,71.43,280.812,0.4575,306.093,0.4368
40,NETHERLANDS - EERSTE DIVISIE,2024-11-08,20:00,FC Volendam,Jong Utrecht,1.4,4.75,6.0,1.22,4.0,1.11,6.5,1.4,2.88,1.62,2.2,0.7143,0.2105,0.1667,0.8197,0.25,0.9009,0.1538,0.7143,0.3472,0.6173,0.4545,0.2947,0.2333,3.3929,0.7917,4.2857,1.2632,4.6,3.35,1.25,66.5014,59.1622,32.0054,0.7667,0.7053,0.2083,0.9232,1.737,0.7362,0.6629,-0.5824,-1.9909,-0.67,-1.3437,0.8449,1.3667,0.7405,0.659,0.8336,1.0793,1.0258,0.5629,1.5572,0.8639,1.3339,0.5667,2.1395,0.7835,2.0038,0.815,4.3671,0.1803,6.8996,0.118,3.3271,2.8107,9.185,0.0525,1.4017,0.1806,0.7481,0.119,0.9731,0.3466,0.9623,0.1108,0.4647,0.1259,0.8383,0.138,0.903,0.0254,0.7897,0.03,0.5506,0.1279,0.4284,0.1228,0.5176,0.2199,0.2104,0.0604,34.57,22.0,28.86,13.43,0.0,14.29,85.71,71.43,14.29,14.29,57.14,57.14,57.14,85.71,85.71,85.71,14.29,14.29,71.43,71.43,28.57,28.57,85.71,85.71,0.0,14.29,100.0,85.71,14.29,14.29,71.43,57.14,28.57,42.86,28.57,0.0,42.86,0.0,85.71,85.71,71.43,85.71,352.8642,0.03,155.0145,0.8595
39,NETHERLANDS - EERSTE DIVISIE,2024-11-08,20:00,Maastricht,De Graafschap,3.2,3.8,1.91,1.22,4.0,1.11,6.5,1.44,2.7,1.4,2.75,0.3125,0.2632,0.5236,0.8197,0.25,0.9009,0.1538,0.6944,0.3704,0.7143,0.3636,0.8421,1.6754,1.1875,1.9895,0.5969,0.5026,1.29,0.6,1.89,-32.822,16.6992,-43.3802,0.6754,0.1579,0.9895,1.4302,0.8765,1.0138,0.9864,0.3438,1.0742,0.0245,31.9714,0.7243,1.0436,0.8288,0.8326,0.2593,1.882,1.0451,0.7813,1.4682,0.6479,2.0138,0.4966,1.1245,0.8001,1.9894,0.2902,3.2158,0.2233,6.3861,0.111,2.7515,0.3397,5.3718,0.0736,1.108,0.1483,1.2447,0.1199,0.8937,0.1255,1.1019,0.0551,0.5354,0.0956,0.8106,0.087,0.8335,0.0158,0.8378,0.0296,0.4929,0.1493,0.2362,0.1727,0.5017,0.0801,0.3467,0.0525,26.14,38.43,42.71,36.0,28.57,57.14,57.14,42.86,42.86,57.14,28.57,14.29,57.14,100.0,71.43,100.0,28.57,0.0,28.57,57.14,71.43,42.86,85.71,100.0,0.0,0.0,100.0,100.0,14.29,0.0,42.86,100.0,57.14,0.0,42.86,42.86,42.86,14.29,85.71,100.0,71.43,100.0,278.517,0.5085,209.4454,0.6877
38,NETHERLANDS - EERSTE DIVISIE,2024-11-08,20:00,FC Emmen,Jong Ajax,1.5,4.2,5.0,1.25,3.75,1.14,5.5,1.5,2.5,1.57,2.25,0.6667,0.2381,0.2,0.8,0.2667,0.8772,0.1818,0.6667,0.4,0.6369,0.4444,0.3571,0.3,2.8,0.84,3.3333,1.1905,3.5,2.7,0.8,60.2551,53.4711,21.8014,0.7,0.6429,0.16,0.5609,1.9059,1.2705,0.9867,-1.0346,-0.5068,0.0171,56.5322,0.2038,2.3945,0.4183,1.8809,1.0975,0.8198,0.3975,1.9794,0.993,1.0765,1.4146,0.6899,2.0276,0.6807,1.3975,0.8114,1.9543,0.203,5.6073,0.1265,2.6915,0.2645,5.5,0.1354,0.8628,0.1036,0.8456,0.0985,1.0056,0.0996,0.7742,0.1311,0.7708,0.1247,0.7519,0.1275,0.7086,0.0301,0.9047,0.0214,0.4196,0.0531,0.5271,0.1047,0.5827,0.0637,0.2627,0.0655,28.43,21.43,42.71,39.43,28.57,28.57,42.86,57.14,28.57,28.57,14.29,14.29,57.14,57.14,71.43,42.86,28.57,57.14,42.86,28.57,57.14,71.43,85.71,85.71,14.29,0.0,85.71,100.0,14.29,14.29,57.14,57.14,42.86,42.86,14.29,28.57,14.29,28.57,71.43,85.71,71.43,71.43,224.0023,0.6965,246.0187,0.5785
37,NETHERLANDS - EERSTE DIVISIE,2024-11-08,20:00,Venlo,Jong AZ,2.0,3.7,3.0,1.29,3.5,1.17,5.0,1.57,2.35,1.5,2.5,0.5,0.2703,0.3333,0.7752,0.2857,0.8547,0.2,0.6369,0.4255,0.6667,0.4,0.5405,0.6667,1.85,1.2333,1.5,0.8108,1.0,1.7,0.7,26.5651,40.3645,-19.29,0.3333,0.4595,0.2333,0.7619,1.8561,0.9876,1.3621,-0.4667,-0.9436,-1.0849,-1.2517,0.6566,1.1983,0.9006,0.999,0.6055,0.8827,0.9798,1.1785,1.0722,1.1332,1.3621,1.0258,1.5389,0.6342,2.447,0.9094,2.3358,0.1965,4.5853,0.1056,4.1644,0.1122,6.5135,0.4004,0.7196,0.1847,0.881,0.11,1.0768,0.1087,1.0953,0.0601,0.5851,0.0805,0.6632,0.0665,0.7242,0.0398,0.8551,0.0939,0.5448,0.063,0.4441,0.0468,0.4392,0.0335,0.3335,0.0504,13.57,37.57,17.29,37.71,42.86,57.14,14.29,14.29,85.71,71.43,0.0,0.0,42.86,71.43,71.43,85.71,28.57,14.29,28.57,57.14,71.43,42.86,71.43,85.71,0.0,14.29,100.0,85.71,28.57,14.29,28.57,71.43,71.43,28.57,28.57,42.86,28.57,28.57,57.14,71.43,85.71,85.71,310.2088,0.3202,268.044,0.5615
36,MOROCCO - BOTOLA PRO,2024-11-08,20:00,COD Meknes,Difaa El Jadidi,2.4,2.9,2.8,1.53,2.38,1.44,2.63,2.4,1.53,2.1,1.67,0.4167,0.3448,0.3571,0.6536,0.4202,0.6944,0.3802,0.4167,0.6536,0.4762,0.5988,0.8276,0.8571,1.2083,1.0357,1.1667,0.9655,0.4,0.5,0.1,11.3099,14.0362,-2.8624,0.1429,0.1724,0.0357,,,0.4536,2.4998,,,-1.6022,-0.7899,,,0.292,1.6712,,,0.8458,1.2639,,,0.8843,1.0174,,,2.4865,0.6854,,,5.8632,0.221,,,11.4131,0.0379,,,0.6841,0.0727,,,1.0413,0.127,,,0.4654,0.0868,,,0.3224,0.139,,,0.5838,0.054,,,0.2255,0.1237,,,30.71,48.71,,14.29,,42.86,,57.14,,14.29,,57.14,,57.14,,42.86,,42.86,,57.14,,71.43,,0.0,,100.0,,28.57,,57.14,,42.86,,0.0,,14.29,,57.14,,100.0,,,276.6938,0.3493
19,FRANCE - LIGUE 2,2024-11-08,20:00,Rodez,Annecy,2.15,3.5,3.0,1.36,3.0,1.25,3.75,1.88,1.98,1.67,2.1,0.4651,0.2857,0.3333,0.7353,0.3333,0.8,0.2667,0.5319,0.5051,0.5988,0.4762,0.6143,0.7167,1.6279,1.1667,1.3953,0.8571,0.85,1.35,0.5,23.0255,34.0193,-14.0362,0.2833,0.3857,0.1667,1.0719,1.496,1.2867,0.8812,-0.6682,-0.7852,0.0893,8.4244,0.5358,1.7753,0.7509,0.6499,1.15,0.8696,0.4148,1.2886,1.4952,0.5262,1.8792,0.3672,2.1634,0.5337,1.7899,0.7109,4.8698,0.1037,5.6665,0.3247,5.7058,0.1584,6.8242,0.1526,1.1378,0.1182,0.8588,0.1299,1.2092,0.12,0.8588,0.1122,0.5601,0.1005,0.7139,0.0367,0.4929,0.0448,0.4991,0.0799,0.4473,0.0523,0.4764,0.0976,0.4185,0.0335,0.289,0.0948,37.43,26.14,23.0,38.86,14.29,85.71,85.71,14.29,14.29,71.43,28.57,0.0,85.71,85.71,100.0,71.43,0.0,28.57,42.86,42.86,57.14,57.14,100.0,100.0,0.0,0.0,100.0,100.0,0.0,0.0,85.71,57.14,14.29,42.86,42.86,28.57,42.86,28.57,100.0,100.0,85.71,85.71,313.8843,0.0297,153.8445,0.9214
5,BELGIUM - CHALLENGER PRO LEAGUE,2024-11-08,20:00,RFC Liege,RWDM,3.4,3.5,1.91,1.33,3.25,1.2,4.33,1.7,2.1,1.62,2.2,0.2941,0.2857,0.5236,0.7519,0.3077,0.8333,0.2309,0.5882,0.4762,0.6173,0.4545,0.9714,1.7801,1.0294,1.8325,0.5618,0.5457,1.49,0.1,1.59,-36.6861,2.8624,-38.4847,0.7801,0.0286,0.8325,1.6807,0.7459,1.5717,0.9314,0.7482,1.1168,-0.218,-6.6867,1.3619,1.026,0.6128,1.8158,0.5648,1.3931,0.7003,1.1235,1.8123,1.2101,1.3237,1.2226,1.0641,1.2642,1.5417,0.9704,4.2716,0.1753,4.25,0.472,2.7215,0.2046,2.2015,0.6599,1.3156,0.1632,1.0827,0.167,0.8871,0.0936,0.7255,0.1312,0.7077,0.0732,0.731,0.1971,0.6693,0.052,0.5944,0.069,0.5214,0.0295,0.5373,0.0378,0.4884,0.0455,0.4511,0.1614,10.14,23.43,18.57,18.43,42.86,28.57,28.57,28.57,57.14,57.14,28.57,14.29,42.86,28.57,85.71,57.14,14.29,42.86,71.43,42.86,28.57,57.14,71.43,85.71,14.29,14.29,85.71,85.71,28.57,14.29,57.14,57.14,42.86,42.86,57.14,28.57,42.86,57.14,71.43,57.14,57.14,57.14,191.2184,0.8527,309.0406,0.4336
20,FRANCE - LIGUE 2,2024-11-08,20:00,Laval,Bastia,2.6,3.0,2.75,1.57,2.25,1.5,2.5,2.6,1.48,2.1,1.67,0.3846,0.3333,0.3636,0.6369,0.4444,0.6667,0.4,0.3846,0.6757,0.4762,0.5988,0.8667,0.9455,1.1538,1.0909,1.0577,0.9167,0.15,0.4,0.25,4.2892,11.3099,-7.125,0.0545,0.1333,0.0909,1.4301,1.0572,1.608,0.869,-0.1109,-4.9811,0.1683,2.549,0.9265,1.2463,0.4241,1.2603,0.6886,1.6159,0.8172,1.3616,1.2339,1.016,1.343,0.3634,1.3448,0.7257,1.1748,0.9099,3.317,0.146,4.0,0.1826,3.0413,0.1369,4.9571,0.2368,0.9199,0.1058,0.7322,0.1091,0.8485,0.1353,0.8751,0.186,0.6245,0.0897,0.6511,0.0756,0.3611,0.1202,0.3906,0.0617,0.5228,0.1448,0.4983,0.0359,0.4113,0.0387,0.3216,0.0718,26.0,31.71,47.57,27.0,42.86,28.57,28.57,71.43,71.43,28.57,14.29,14.29,57.14,71.43,85.71,85.71,14.29,14.29,57.14,14.29,42.86,85.71,71.43,71.43,0.0,0.0,100.0,100.0,28.57,28.57,57.14,42.86,42.86,57.14,42.86,42.86,42.86,42.86,71.43,100.0,85.71,71.43,312.2636,0.3173,281.934,0.4656
21,FRANCE - LIGUE 2,2024-11-08,20:00,Grenoble,Dunkerque,2.2,3.4,3.0,1.4,2.75,1.3,3.4,2.05,1.8,1.8,1.91,0.4545,0.2941,0.3333,0.7143,0.3636,0.7692,0.2941,0.4878,0.5556,0.5556,0.5236,0.6471,0.7333,1.5455,1.1333,1.3636,0.8824,0.8,1.2,0.4,21.8014,30.9638,-11.3099,0.2667,0.3529,0.1333,2.3351,0.5369,1.1109,1.2109,1.0911,0.572,-0.3274,-1.8626,1.0283,0.794,0.1639,2.3063,0.2818,1.7317,0.7625,1.402,2.0254,0.4031,1.0849,0.8293,0.9343,1.0703,1.4123,0.9009,4.5871,0.3297,6.2507,0.0564,2.06,0.2017,8.4798,0.0491,1.0627,0.2647,0.8439,0.0418,0.6341,0.1049,0.9868,0.1163,0.7109,0.0454,0.6393,0.0762,0.4332,0.0496,0.5237,0.0821,0.484,0.0285,0.5084,0.0445,0.411,0.0197,0.2593,0.0474,45.57,34.71,43.14,23.57,42.86,14.29,57.14,57.14,14.29,28.57,57.14,0.0,71.43,57.14,71.43,71.43,28.57,28.57,28.57,14.29,71.43,85.71,100.0,71.43,0.0,14.29,100.0,85.71,0.0,28.57,71.43,42.86,28.57,57.14,71.43,14.29,71.43,28.57,100.0,71.43,71.43,71.43,267.5672,0.3799,267.972,0.57
22,FRANCE - LIGUE 2,2024-11-08,20:00,AC Ajaccio,Clermont,2.62,3.0,2.75,1.57,2.25,1.5,2.5,2.6,1.48,2.1,1.67,0.3817,0.3333,0.3636,0.6369,0.4444,0.6667,0.4,0.3846,0.6757,0.4762,0.5988,0.8733,0.9527,1.145,1.0909,1.0496,0.9167,0.13,0.38,0.25,3.719,10.758,-7.125,0.0473,0.1267,0.0909,2.0531,0.6288,0.3715,3.0522,0.6242,0.5276,-2.0032,-0.6143,0.3807,2.0667,0.2842,1.7171,0.5258,1.0165,1.1566,0.7059,1.4194,0.3766,0.2842,1.7171,0.7952,0.8678,2.2874,0.8744,2.7257,0.1661,2.2929,0.2745,2.1544,0.2135,10.0563,0.0897,0.7731,0.1252,0.436,0.0745,0.6303,0.1387,1.1503,0.1076,0.6263,0.0541,0.4913,0.128,0.265,0.1087,0.5276,0.0938,0.5583,0.0991,0.4986,0.0409,0.4034,0.0493,0.3005,0.1491,53.43,27.0,8.14,15.43,28.57,0.0,71.43,28.57,28.57,57.14,0.0,28.57,71.43,14.29,71.43,85.71,28.57,14.29,28.57,28.57,71.43,71.43,85.71,42.86,0.0,14.29,100.0,85.71,14.29,57.14,42.86,42.86,57.14,57.14,14.29,14.29,57.14,14.29,100.0,28.57,71.43,71.43,278.9511,0.469,300.899,0.4313
23,FRANCE - LIGUE 2,2024-11-08,20:00,Amiens,Martigues,1.55,3.8,5.8,1.44,2.63,1.36,3.0,2.1,1.7,2.2,1.62,0.6452,0.2632,0.1724,0.6944,0.3802,0.7353,0.3333,0.4762,0.5882,0.4545,0.6173,0.4079,0.2672,2.4516,0.6552,3.7419,1.5263,4.25,2.25,2.0,64.7989,48.3665,45.0,0.7328,0.5921,0.3448,2.3461,0.416,,,1.0109,0.352,,,0.627,1.2056,,,0.2041,2.391,,,1.215,1.0472,,,0.2041,2.391,,,3.4458,0.156,,,0.59,1.2483,,,0.9006,0.1191,,,0.3292,0.48,,,0.6671,0.0757,,,0.4024,0.0736,,,0.5517,0.0422,,,0.3727,0.0386,,,22.71,10.29,,,14.29,,57.14,,14.29,,42.86,,28.57,,71.43,,28.57,,14.29,,85.71,,42.86,,28.57,,71.43,,57.14,,42.86,,57.14,,57.14,,71.43,,71.43,,28.57,,257.5746,0.6783,,
54,SPAIN - LALIGA2,2024-11-08,20:30,Elche,Almeria,1.95,3.5,3.5,1.4,2.75,1.3,3.4,2.03,1.83,1.8,1.91,0.5128,0.2857,0.2857,0.7143,0.3636,0.7692,0.2941,0.4926,0.5464,0.5556,0.5236,0.5571,0.5571,1.7949,1.0,1.7949,1.0,1.55,1.55,0.0,37.7757,37.7757,0.0,0.4429,0.4429,0.0,1.2311,1.0927,1.1604,1.1593,-0.1116,-2.9892,-0.2522,-1.9092,0.3265,1.4946,0.7984,0.9468,0.2063,3.6641,1.1804,0.7622,1.0493,1.1004,1.6768,0.4692,1.1609,0.9585,1.929,0.6974,2.5143,0.1227,4.6057,0.3038,1.89,0.1821,5.3699,0.0599,0.9002,0.1195,0.9666,0.0762,0.7574,0.138,1.1095,0.0826,0.7058,0.1082,0.6758,0.1145,0.3262,0.0555,0.4804,0.0518,0.4808,0.0514,0.4608,0.0627,0.5147,0.0373,0.3619,0.1451,31.57,45.14,31.43,20.57,28.57,14.29,28.57,71.43,57.14,28.57,0.0,42.86,42.86,71.43,42.86,71.43,57.14,28.57,14.29,71.43,85.71,28.57,57.14,71.43,14.29,0.0,85.71,100.0,42.86,28.57,57.14,71.43,42.86,28.57,28.57,0.0,28.57,28.57,57.14,85.71,71.43,85.71,264.4306,0.5738,281.6919,0.4492
27,GERMANY - BUNDESLIGA,2024-11-08,20:30,Union Berlin,Freiburg,2.45,3.2,3.0,1.44,2.63,1.4,3.0,2.2,1.67,1.95,1.8,0.4082,0.3125,0.3333,0.6944,0.3802,0.7143,0.3333,0.4545,0.5988,0.5128,0.5556,0.7656,0.8167,1.3061,1.0667,1.2245,0.9375,0.55,0.75,0.2,15.3763,20.556,-5.7106,0.1833,0.2344,0.0667,1.3833,1.1593,1.4463,1.0122,-0.7326,-1.355,0.2398,4.1893,0.6455,1.4736,0.2195,2.2232,0.9513,1.2772,0.2636,1.434,1.3395,0.7286,1.1034,1.1361,2.0721,0.8998,0.8636,1.13,4.2972,0.1376,2.7115,0.1348,5.949,0.2717,6.5725,0.5176,1.0682,0.1007,0.6686,0.1068,1.1397,0.2004,0.6686,0.1415,0.5522,0.0681,0.417,0.0873,0.5729,0.056,0.7007,0.0535,0.3965,0.112,0.5778,0.0658,0.4222,0.0505,0.3372,0.0409,40.14,43.43,36.71,15.14,42.86,0.0,42.86,71.43,42.86,14.29,14.29,28.57,71.43,14.29,85.71,42.86,14.29,57.14,57.14,0.0,42.86,100.0,71.43,57.14,0.0,14.29,100.0,85.71,28.57,42.86,71.43,42.86,28.57,57.14,42.86,28.57,57.14,57.14,85.71,71.43,85.71,28.57,315.139,0.0331,305.3371,0.4441
32,ITALY - SERIE B,2024-11-08,20:30,Frosinone,Palermo,2.88,3.25,2.38,1.5,2.5,1.36,3.0,2.15,1.67,1.95,1.8,0.3472,0.3077,0.4202,0.6667,0.4,0.7353,0.3333,0.4651,0.5988,0.5128,0.5556,0.8862,1.2101,1.1285,1.3655,0.8264,0.7323,0.5,0.37,0.87,-14.0362,10.4812,-23.509,0.2101,0.1138,0.3655,0.3922,1.3628,1.6043,0.9996,-1.8087,-0.5713,0.172,3.6035,0.1662,2.2744,0.3817,2.0613,0.3704,1.3175,0.5102,1.5421,0.4637,1.6968,1.2284,1.0205,2.2724,0.7376,1.0564,0.7729,1.1301,0.6168,3.8616,0.218,2.7371,0.4074,3.6273,0.2427,0.4361,0.2763,0.8969,0.1747,0.7933,0.1513,0.8255,0.2298,0.7885,0.1018,0.6233,0.043,0.3925,0.1358,0.3941,0.0985,0.503,0.0209,0.5118,0.0256,0.4437,0.0728,0.3653,0.0326,14.71,49.71,37.86,30.14,28.57,28.57,0.0,42.86,71.43,57.14,0.0,0.0,28.57,42.86,42.86,57.14,57.14,42.86,0.0,28.57,100.0,71.43,57.14,57.14,14.29,0.0,85.71,100.0,42.86,42.86,42.86,42.86,57.14,57.14,14.29,28.57,0.0,57.14,28.57,71.43,85.71,71.43,172.5529,0.8819,319.4846,0.0239
31,ITALY - SERIE A,2024-11-08,20:45,Lecce,Empoli,2.38,3.0,3.4,1.53,2.38,1.5,2.63,2.63,1.5,2.05,1.7,0.4202,0.3333,0.2941,0.6536,0.4202,0.6667,0.3802,0.3802,0.6667,0.4878,0.5882,0.7933,0.7,1.2605,0.8824,1.4286,1.1333,1.02,0.62,0.4,27.0216,17.2234,11.3099,0.3,0.2067,0.1176,0.5341,2.0833,1.0877,1.2367,-2.2798,-0.4728,-0.384,-2.3169,0.217,2.2488,0.5639,0.9479,1.0033,1.211,0.6007,0.8898,0.4255,1.8491,0.9632,0.8477,2.7054,0.7349,1.3473,0.561,1.25,0.5558,5.9193,0.207,7.4571,0.1904,6.0478,0.0476,0.467,0.2116,0.6773,0.1757,1.3242,0.1461,0.6773,0.0626,0.5408,0.0523,0.7257,0.16,0.4079,0.0507,0.4371,0.0965,0.5033,0.0441,0.5242,0.062,0.3626,0.059,0.2118,0.0633,21.14,45.57,25.71,43.43,14.29,28.57,14.29,28.57,71.43,57.14,14.29,28.57,28.57,57.14,71.43,85.71,28.57,14.29,28.57,28.57,71.43,71.43,85.71,100.0,0.0,0.0,100.0,100.0,14.29,0.0,42.86,28.57,57.14,71.43,28.57,28.57,14.29,28.57,42.86,71.43,85.71,85.71,306.473,0.4055,245.2736,0.5259
17,FRANCE - LIGUE 1,2024-11-08,20:45,Marseille,Auxerre,1.4,5.0,7.5,1.25,3.75,1.14,5.5,1.5,2.63,1.7,2.05,0.7143,0.2,0.1333,0.8,0.2667,0.8772,0.1818,0.6667,0.3802,0.5882,0.4878,0.28,0.1867,3.5714,0.6667,5.3571,1.5,6.1,3.6,2.5,71.8473,60.9454,51.3402,0.8133,0.72,0.3333,1.5393,0.8144,0.4219,2.6876,0.0626,7.8083,-1.1704,-0.4142,0.7519,0.9178,0.3376,1.4455,0.2679,1.8216,0.5487,0.9741,1.4598,0.6516,0.9683,1.1925,1.3972,0.541,2.1387,0.5399,2.9929,0.0986,4.272,0.096,3.5372,0.0592,6.4151,0.0557,1.1344,0.0722,0.8373,0.1551,0.9916,0.0356,1.1944,0.0531,0.6533,0.1096,0.6812,0.0349,0.6368,0.0515,0.6245,0.0564,0.5348,0.0333,0.4607,0.0432,0.5546,0.0348,0.3888,0.0692,26.29,41.57,23.71,27.57,57.14,28.57,28.57,28.57,57.14,57.14,28.57,0.0,71.43,57.14,71.43,71.43,28.57,28.57,28.57,14.29,71.43,85.71,100.0,85.71,0.0,14.29,100.0,85.71,0.0,14.29,57.14,57.14,42.86,42.86,57.14,14.29,42.86,14.29,85.71,57.14,85.71,85.71,238.3793,0.5939,265.6151,0.4965
6,BELGIUM - JUPILER PRO LEAGUE,2024-11-08,20:45,St. Truiden,KV Mechelen,2.5,3.5,2.6,1.33,3.25,1.2,4.33,1.7,2.1,1.57,2.25,0.4,0.2857,0.3846,0.7519,0.3077,0.8333,0.2309,0.5882,0.4762,0.6369,0.4444,0.7143,0.9615,1.4,1.3462,1.04,0.7429,0.1,1.0,0.9,2.8624,26.5651,-24.2277,0.0385,0.2857,0.3462,1.4235,0.7966,1.0887,1.2356,-0.0782,-6.1432,-0.2299,-3.094,0.6317,1.5058,0.3688,1.4493,0.8772,1.6122,0.5191,1.88,1.279,0.763,0.8236,0.8379,1.3572,1.0295,1.0534,0.9493,3.6144,0.1179,5.0999,0.1201,3.4359,0.2258,4.7946,0.1251,0.8985,0.0894,0.8467,0.1676,0.8985,0.2138,0.6324,0.1366,0.8012,0.0951,0.6721,0.0836,0.5848,0.021,0.7703,0.0717,0.4703,0.0814,0.5937,0.0797,0.3683,0.0643,0.2649,0.1091,39.86,28.86,28.71,21.43,28.57,28.57,57.14,42.86,14.29,28.57,28.57,28.57,85.71,42.86,71.43,57.14,28.57,42.86,42.86,28.57,57.14,71.43,85.71,71.43,14.29,14.29,85.71,85.71,14.29,28.57,57.14,28.57,42.86,71.43,42.86,28.57,28.57,28.57,85.71,71.43,85.71,57.14,190.1788,0.8212,276.0782,0.5518
61,WALES - CYMRU PREMIER,2024-11-08,20:45,Aberystwyth,Newtown,4.5,3.9,1.6,1.3,3.2,1.2,4.2,1.61,2.2,1.67,2.1,0.2222,0.2564,0.625,0.7692,0.3125,0.8333,0.2381,0.6211,0.4545,0.5988,0.4762,1.1538,2.8125,0.8667,2.4375,0.3556,0.4103,2.9,0.6,2.3,-55.4077,-16.6992,-48.9909,1.8125,0.1538,1.4375,0.6625,1.6795,1.5796,0.7936,-1.2114,-0.8362,0.0065,112.4615,0.2361,2.0669,0.9113,0.896,0.5273,1.0137,0.5643,0.9472,0.5737,0.9317,1.2747,0.8895,1.7851,0.6233,1.2682,0.75,2.4571,0.231,3.88,0.2152,14.3404,0.1464,4.8973,1.1086,0.3109,0.4484,0.717,0.2071,1.0967,0.0698,0.8598,0.1669,0.4469,0.1459,0.7273,0.1083,0.5258,0.0696,0.5811,0.1953,0.4865,0.0506,0.4574,0.1108,0.1933,0.2271,0.2911,0.0849,24.29,34.29,13.57,34.86,14.29,42.86,42.86,28.57,57.14,57.14,14.29,28.57,42.86,71.43,71.43,85.71,28.57,14.29,14.29,57.14,85.71,42.86,85.71,85.71,0.0,14.29,100.0,85.71,14.29,14.29,42.86,71.43,57.14,28.57,14.29,42.86,14.29,42.86,57.14,71.43,85.71,85.71,306.9304,0.4043,231.1793,0.6944
53,SPAIN - LALIGA,2024-11-08,21:00,Rayo Vallecano,Las Palmas,1.8,3.5,4.8,1.44,2.63,1.36,3.2,2.1,1.73,2.0,1.75,0.5556,0.2857,0.2083,0.6944,0.3802,0.7353,0.3125,0.4762,0.578,0.5,0.5714,0.5143,0.375,1.9444,0.7292,2.6667,1.3714,3.0,1.7,1.3,56.3099,40.3645,33.0239,0.625,0.4857,0.2708,0.8349,1.6112,0.5438,2.0851,-0.229,-1.6266,-0.9165,-0.6963,0.6439,0.8301,0.277,1.7617,0.1822,2.6784,0.7589,0.643,1.0276,1.0403,0.8295,1.2887,1.2566,0.3008,1.746,0.5448,3.4087,0.1327,3.8469,0.2272,3.5258,0.2667,10.3217,0.0556,0.847,0.057,0.5312,0.1948,0.7042,0.1128,1.0312,0.0969,0.5061,0.1802,0.4665,0.1083,0.3504,0.038,0.4617,0.0799,0.5726,0.0449,0.4749,0.0406,0.4084,0.0644,0.2053,0.0745,17.86,53.86,31.57,29.29,57.14,0.0,14.29,57.14,85.71,28.57,0.0,28.57,71.43,57.14,85.71,71.43,14.29,28.57,0.0,28.57,100.0,71.43,71.43,71.43,0.0,14.29,100.0,85.71,28.57,28.57,42.86,57.14,57.14,42.86,57.14,0.0,28.57,14.29,71.43,57.14,100.0,85.71,277.0454,0.4644,302.7628,0.4354
16,ENGLAND - CHAMPIONSHIP,2024-11-08,21:00,Watford,Oxford Utd,1.83,3.8,4.2,1.33,3.25,1.22,4.33,1.73,2.1,1.67,2.1,0.5464,0.2632,0.2381,0.7519,0.3077,0.8197,0.2309,0.578,0.4762,0.5988,0.4762,0.4816,0.4357,2.0765,0.9048,2.2951,1.1053,2.37,1.97,0.4,49.8396,44.567,11.3099,0.5643,0.5184,0.0952,2.4099,0.405,,,0.9832,0.3857,,,0.2528,1.9304,,,0.226,2.1593,,,1.5604,0.6254,,,0.5772,0.926,,,4.6955,0.112,,,1.6157,0.6754,,,1.0508,0.123,,,0.4794,0.3006,,,0.6334,0.0715,,,0.517,0.0437,,,0.4837,0.048,,,0.3873,0.0318,,,44.57,15.57,,,14.29,,71.43,,14.29,,14.29,,57.14,,42.86,,57.14,,14.29,,85.71,,71.43,,14.29,,85.71,,28.57,,57.14,,42.86,,14.29,,71.43,,85.71,,57.14,,322.1882,0.4853,,
15,ECUADOR - LIGA PRO,2024-11-08,21:00,Delfin,Mushuc Runa,2.1,3.4,3.0,1.36,3.0,1.25,3.75,1.85,1.95,1.67,2.1,0.4762,0.2941,0.3333,0.7353,0.3333,0.8,0.2667,0.5405,0.5128,0.5988,0.4762,0.6176,0.7,1.619,1.1333,1.4286,0.8824,0.9,1.3,0.4,24.2277,33.0239,-11.3099,0.3,0.3824,0.1333,0.7189,1.5478,1.1247,1.1146,-0.6672,-1.0952,-0.7305,-1.5789,0.3687,1.4497,0.7916,1.1366,0.4635,1.1532,1.1795,0.7628,0.7225,1.0462,1.2913,0.8781,1.3897,0.6845,2.0217,0.7784,2.043,0.1717,5.7076,0.1439,2.7072,0.2428,9.6373,0.0338,0.566,0.2053,0.9227,0.1621,0.7088,0.1158,1.137,0.0371,0.7345,0.0722,0.6668,0.0787,0.4022,0.0318,0.5705,0.0435,0.5178,0.0353,0.4547,0.0556,0.4177,0.0998,0.2739,0.0591,16.0,41.14,19.29,33.0,28.57,57.14,28.57,14.29,71.43,57.14,14.29,14.29,42.86,71.43,71.43,71.43,28.57,28.57,14.29,57.14,85.71,42.86,71.43,71.43,0.0,14.29,100.0,85.71,28.57,28.57,14.29,71.43,85.71,28.57,28.57,14.29,14.29,28.57,57.14,71.43,85.71,85.71,224.4512,0.566,243.6081,0.6569
46,PORTUGAL - LIGA PORTUGAL,2024-11-08,21:15,Moreirense,Gil Vicente,2.1,3.2,3.5,1.5,2.5,1.4,2.75,2.35,1.57,2.0,1.75,0.4762,0.3125,0.2857,0.6667,0.4,0.7143,0.3636,0.4255,0.6369,0.5,0.5714,0.6562,0.6,1.5238,0.9143,1.6667,1.0938,1.4,1.1,0.3,34.992,28.8108,8.5308,0.4,0.3438,0.0857,1.5542,0.8066,0.6348,1.684,0.3153,0.9102,-1.5456,-0.9706,0.6672,1.3485,0.4217,1.2675,0.2291,2.1301,1.0247,0.6735,1.1576,0.9612,0.5534,0.9658,0.8422,0.8194,2.099,0.8636,3.2461,0.2936,4.2445,0.2455,2.0103,0.3868,21.8956,0.0044,0.7636,0.2009,0.4016,0.3137,0.4779,0.1603,1.0444,0.0361,0.6554,0.0896,0.4498,0.0947,0.3764,0.0497,0.5021,0.0574,0.4666,0.0461,0.5703,0.0393,0.3844,0.0515,0.2317,0.0695,20.86,33.29,18.43,15.86,42.86,14.29,28.57,42.86,42.86,42.86,28.57,28.57,57.14,42.86,71.43,85.71,28.57,14.29,28.57,28.57,71.43,71.43,57.14,57.14,14.29,14.29,85.71,85.71,42.86,42.86,42.86,28.57,57.14,71.43,57.14,14.29,42.86,14.29,71.43,57.14,71.43,71.43,266.263,0.6019,224.3176,0.6931
60,URUGUAY - PRIMERA DIVISION,2024-11-08,22:00,CA Cerro,Maldonado,2.15,3.1,3.25,1.53,2.38,1.44,2.63,2.4,1.53,2.1,1.67,0.4651,0.3226,0.3077,0.6536,0.4202,0.6944,0.3802,0.4167,0.6536,0.4762,0.5988,0.6935,0.6615,1.4419,0.9538,1.5116,1.0484,1.1,0.95,0.15,28.8108,25.4077,4.2892,0.3385,0.3065,0.0462,1.2314,1.0924,0.5212,2.1756,-0.0734,-17.7548,-0.9321,-0.7377,0.5854,1.344,0.1807,2.0919,0.4304,1.8281,0.1937,1.9515,1.2134,1.3814,0.4404,1.2137,1.2868,1.3244,1.3724,0.6931,2.1428,0.3621,1.2215,0.3127,4.2856,0.2022,7.1136,0.0345,0.6139,0.2411,0.2701,0.4317,0.8996,0.1829,0.7701,0.1202,0.6541,0.0454,0.4188,0.2607,0.3076,0.0176,0.3631,0.0306,0.4835,0.0356,0.4318,0.0616,0.3707,0.02,0.2546,0.1701,3.14,34.43,20.86,57.14,28.57,28.57,14.29,14.29,71.43,71.43,14.29,0.0,28.57,28.57,71.43,28.57,28.57,71.43,28.57,0.0,71.43,100.0,57.14,42.86,14.29,0.0,85.71,100.0,42.86,57.14,42.86,14.29,57.14,85.71,42.86,14.29,28.57,14.29,42.86,42.86,71.43,85.71,223.4977,0.6807,350.7758,0.2769
7,BRAZIL - SERIE A BETANO,2024-11-08,23:00,Internacional,Fluminense,1.55,3.75,5.8,1.44,2.63,1.36,3.2,2.1,1.7,2.25,1.57,0.6452,0.2667,0.1724,0.6944,0.3802,0.7353,0.3125,0.4762,0.5882,0.4444,0.6369,0.4133,0.2672,2.4194,0.6466,3.7419,1.5467,4.25,2.2,2.05,64.7989,47.7263,45.7073,0.7328,0.5867,0.3534,2.595,0.2913,1.882,0.8521,1.0528,0.1027,0.4834,1.511,0.4348,1.8096,0.4276,1.25,0.5052,1.058,0.1241,3.0459,1.6466,0.5464,1.0916,0.748,0.5938,0.9001,0.6083,1.5637,2.9372,0.1479,3.7214,0.2466,0.7572,0.7084,2.8427,0.0265,1.2362,0.1554,0.6562,0.206,0.522,0.214,0.6562,0.062,0.3371,0.4622,0.7296,0.1597,0.4132,0.0571,0.2925,0.0971,0.4799,0.0381,0.4559,0.0487,0.6153,0.0603,0.3125,0.0941,51.43,27.57,31.29,27.43,28.57,14.29,71.43,57.14,28.57,42.86,14.29,28.57,57.14,14.29,71.43,57.14,28.57,42.86,28.57,0.0,71.43,100.0,71.43,57.14,0.0,0.0,100.0,100.0,28.57,42.86,57.14,14.29,42.86,85.71,28.57,42.86,85.71,57.14,100.0,71.43,57.14,42.86,316.9585,0.3177,357.8515,0.0297
